english_text,french_translation
MISTER QUILTER IS THE APOSTLE OF THE MIDDLE CLASSES AND WE ARE GLAD TO WELCOME HIS GOSPEL,"""MISTER QUILTER est l'Apostle des classes moyennes et nous sommes ravis d'accueillir sa guerre."""
NOR IS MISTER QUILTER'S MANNER LESS INTERESTING THAN HIS MATTER,"Voici la traduction en français :

""LE MOTIF DE M. QUILTER N'EST PAS PLUS INTRIGANT QUE SON EXPERTISE"""
HE TELLS US THAT AT THIS FESTIVE SEASON OF THE YEAR WITH CHRISTMAS AND ROAST BEEF LOOMING BEFORE US SIMILES DRAWN FROM EATING AND ITS RESULTS OCCUR MOST READILY TO THE MIND,"Il informe que pendant cette saison festive de l'année, avec Noël et porc à rôtir à portée de main, les similitudes tirées de l'alimentation et de ses résultats subissent un usage particulièrement fréquent dans le cerveau."
HE HAS GRAVE DOUBTS WHETHER SIR FREDERICK LEIGHTON'S WORK IS REALLY GREEK AFTER ALL AND CAN DISCOVER IN IT BUT LITTLE OF ROCKY ITHACA,Il a des doutes graves quant au resale de sir Frederick Leighton et il découvre dans son travail avec peu de roche d'Ithaque.
LINNELL'S PICTURES ARE A SORT OF UP GUARDS AND AT EM PAINTINGS AND MASON'S EXQUISITE IDYLLS ARE AS NATIONAL AS A JINGO POEM MISTER BIRKET FOSTER'S LANDSCAPES SMILE AT ONE MUCH IN THE SAME WAY THAT MISTER CARKER USED TO FLASH HIS TEETH AND MISTER JOHN COLLIER GIVES HIS SITTER A CHEERFUL SLAP ON THE BACK BEFORE HE SAYS LIKE A SHAMPOOER IN A TURKISH BATH NEXT MAN,"LES PORTRAITS DE LINNELL SONT UN TYPE DE FRONTONS ET QUI AVEC EN PAISTELLES MASON, HORS DE LA GRANDE ART ETAIS COESTRE, SUBLIMENTE LA SOCIALISTE ÉTÉTAT ENTRELACES QU'EXUYE OK UP IN THE QUESTION LA MARCHÉDAME"
IT IS OBVIOUSLY UNNECESSARY FOR US TO POINT OUT HOW LUMINOUS THESE CRITICISMS ARE HOW DELICATE IN EXPRESSION,C'est évidemment퀼t d'indiquer comment ridicule ces critiques.
ON THE GENERAL PRINCIPLES OF ART MISTER QUILTER WRITES WITH EQUAL LUCIDITY,"Sur les principes généraux de l'art, Mister Quilleter écrit avec une lucidité égale."
PAINTING HE TELLS US IS OF A DIFFERENT QUALITY TO MATHEMATICS AND FINISH IN ART IS ADDING MORE FACT,"Le NOUVEAU出品"">', 'faÿsson}', 'Choix', 'artedis']"
AS FOR ETCHINGS THEY ARE OF TWO KINDS BRITISH AND FOREIGN,"COMME DES ETCHINGS, ELLES SONT DEUX CÔTES : BRITANNIQUES OU ÉTRANGERS."
HE LAMENTS MOST BITTERLY THE DIVORCE THAT HAS BEEN MADE BETWEEN DECORATIVE ART AND WHAT WE USUALLY CALL PICTURES MAKES THE CUSTOMARY APPEAL TO THE LAST JUDGMENT AND REMINDS US THAT IN THE GREAT DAYS OF ART MICHAEL ANGELO WAS THE FURNISHING UPHOLSTERER,HE LAMENTS LE MIDI LEURS HERITAGE LA PENDULE QUI FAIT FLEURIR LA DECORACIÓN DES ARTS ET LEURPUBÂTULE QUI L'A INVENTÉ À LA NOOS PRS Дosto здесь и ниже правильно. Cette traduction est une traduction correcte du texte en anglais à la fois suivant
NEAR THE FIRE AND THE ORNAMENTS FRED BROUGHT HOME FROM INDIA ON THE MANTEL BOARD,"Voici la traduction en français :

À côté du feu et des ornements que Fred a apportés de l'Inde sur la table de chevet."
IN FACT HE IS QUITE SEVERE ON MISTER RUSKIN FOR NOT RECOGNISING THAT A PICTURE SHOULD DENOTE THE FRAILTY OF MAN AND REMARKS WITH PLEASING COURTESY AND FELICITOUS GRACE THAT MANY PHASES OF FEELING,"D'ailleurs, il est assez sévère avec M. Ruskin pour ne pas reconnaître que une photographie doit symboliser la fragilité de l'homme, ainsi qu'un commentaire de courtoisie touchant et d'élégance approbatrice des diverses émotions北： En réalité, il est d'un comport"
ONLY UNFORTUNATELY HIS OWN WORK NEVER DOES GET GOOD,JUST EGALEMENT INCONCEROUS SON empresa WORK NE PASSE DOUJANCE
MISTER QUILTER HAS MISSED HIS CHANCE FOR HE HAS FAILED EVEN TO MAKE HIMSELF THE TUPPER OF PAINTING,MISTER QUILTER AVEUGLE SON CHAUFFEUR BESOIN D'AVOIR MAKE SOULIGNER SES CHAMPIONNE PRISE DE PAIRED M. QUILTER.
BY HARRY QUILTER M A,À Harry Quilter M.
BECAUSE YOU WERE SLEEPING INSTEAD OF CONQUERING THE LOVELY ROSE PRINCESS HAS BECOME A FIDDLE WITHOUT A BOW WHILE POOR SHAGGY SITS THERE A COOING DOVE,"Parce qu'il dort au lieu de conquérir la belle Reine des roses splendide, cette belle Reine de rose a perdu son charme et sa grâce, et Elle est devenue sans beauté et sans douceur, alors que pauvre Shaggy, couché là, apprete croissants de poule."
HE HAS GONE AND GONE FOR GOOD ANSWERED POLYCHROME WHO HAD MANAGED TO SQUEEZE INTO THE ROOM BESIDE THE DRAGON AND HAD WITNESSED THE OCCURRENCES WITH MUCH INTEREST,IL EST PARTI ET S'EN EST ALLÉ A HONNEUR.
I HAVE REMAINED A PRISONER ONLY BECAUSE I WISHED TO BE ONE AND WITH THIS HE STEPPED FORWARD AND BURST THE STOUT CHAINS AS EASILY AS IF THEY HAD BEEN THREADS,"J'ai été prié de rester prisonnier, seulement à cause de mon désir, et ce drapeau se déroba à mon regard avec subtilité comme s'il aurait utilisé les fils lumineux."
THE LITTLE GIRL HAD BEEN ASLEEP BUT SHE HEARD THE RAPS AND OPENED THE DOOR,La petite fille avait somnolé mais elle entendit les rapaces et sortitage自贸cesdis
THE KING HAS FLED IN DISGRACE AND YOUR FRIENDS ARE ASKING FOR YOU,Le roi s'est réfugié de disgrace et vos amis s'informent à votre sujet.
I BEGGED RUGGEDO LONG AGO TO SEND HIM AWAY BUT HE WOULD NOT DO SO,Je l'ai impatiemment imploré longtemps de le faire sortir mais il n'y était pour rien.
I ALSO OFFERED TO HELP YOUR BROTHER TO ESCAPE BUT HE WOULD NOT GO,"Je suis également invité.FullName to vous aider Votre frère de s'enfuir, mais il ne voulait pas le faire vật chủ."
HE EATS AND SLEEPS VERY STEADILY REPLIED THE NEW KING,"Le roi nouveau a répondu : IL ALLEMAND, ET ELLECHATOUDE VERS LA NUIT."
I HOPE HE DOESN'T WORK TOO HARD SAID SHAGGY,J'espère que lui ne travaille pas trop.
HE DOESN'T WORK AT ALL,Il ne travaille pratiquement pas.
IN FACT THERE IS NOTHING HE CAN DO IN THESE DOMINIONS AS WELL AS OUR NOMES WHOSE NUMBERS ARE SO GREAT THAT IT WORRIES US TO KEEP THEM ALL BUSY,"En effet, il n'y a rien que lui puisse faire dans ces domaines, ainsi que nos nomes dont les nombres sont si grands que cela nous préoccupe de les maintenir l'une après l'autre occupés."
NOT EXACTLY RETURNED KALIKO,NON TELÉCHARGÉ KALIKO
WHERE IS MY BROTHER NOW,"Où es-tu maintenant, mon frère ?"
INQUIRED SHAGGY IN THE METAL FOREST,Inquiétée Shaggy dans le forêt métallique
WHERE IS THAT,Où est cela?
THE METAL FOREST IS IN THE GREAT DOMED CAVERN THE LARGEST IN ALL OUR DOMINIONS REPLIED KALIKO,Le Forêt métallique se trouve dans la Génératrice dominante the plus grande de notre empire. avertit Kaliko
KALIKO HESITATED,KALIKO HESITAIT À FAIRE LA MAISON FRANÇAISE
HOWEVER IF WE LOOK SHARP WE MAY BE ABLE TO DISCOVER ONE OF THESE SECRET WAYS,"TROUVEZ-LE, ET VOISSEZ SI VOUS VOTRE MOTO MOYENT EN DESCENTE."
OH NO I'M QUITE SURE HE DIDN'T,DÉSHALOT	TABLEAU
THAT'S FUNNY REMARKED BETSY THOUGHTFULLY,"""CE ST GRAIN DE SAVOIR ! """
I DON'T BELIEVE ANN KNEW ANY MAGIC OR SHE'D HAVE WORKED IT BEFORE,Je ne croisทรườngD ANAME n'avait pas connu d'incipit ou m'avait pas utiliséavant
I DO NOT KNOW CONFESSED SHAGGY,Je ne sais pas confessé Shaggy
TRUE AGREED KALIKO,OUBLIEZ LA KALIKO
KALIKO WENT TO THE BIG GONG AND POUNDED ON IT JUST AS RUGGEDO USED TO DO BUT NO ONE ANSWERED THE SUMMONS,"KALIKO alla la grande cloche et a frappé dessus, comme RUGGEDO le faisait souvent, mais personne ne répondit aux appels."
HAVING RETURNED TO THE ROYAL CAVERN KALIKO FIRST POUNDED THE GONG AND THEN SAT IN THE THRONE WEARING RUGGEDO'S DISCARDED RUBY CROWN AND HOLDING IN HIS HAND THE SCEPTRE WHICH RUGGEDO HAD SO OFTEN THROWN AT HIS HEAD,"RENTRÉE AUX ROYAUX CAVERNE KALIKO, LE ROYAUME BRIDE, UN COEUR CARRÉ, EUNO MAITRE DE L'ESPRIT PÈRE DE TON MERCURE DA MURCHU, LA POLE-NIGHT-ESTRE
Cher David, je vous vois rarement"
A MAN SAID TO THE UNIVERSE SIR I EXIST,"Un homme a dit au univers : ""SIR, JE EXISTE."""
SWEAT COVERED BRION'S BODY TRICKLING INTO THE TIGHT LOINCLOTH THAT WAS THE ONLY GARMENT HE WORE,CorROUGHné de sang sur le corps de Brion se ruissant dans le linge propre rouge qui était la seule tenue qu'il portait.
THE CUT ON HIS CHEST STILL DRIPPING BLOOD THE ACHE OF HIS OVERSTRAINED EYES EVEN THE SOARING ARENA AROUND HIM WITH THE THOUSANDS OF SPECTATORS WERE TRIVIALITIES NOT WORTH THINKING ABOUT,"La coupure sur son cœur toujours en train de ruisseler de sang, l'âge d'or de l'arena en train de monter autour de lui, avec le millier d'acclimatés, qui étaient n'importe lequel, pas une moindre pensée."
HIS INSTANT OF PANIC WAS FOLLOWED BY A SMALL SHARP BLOW HIGH ON HIS CHEST,Un instant de panique suivi d'un coup sourd aurifère au sommet de son coude.
ONE MINUTE A VOICE SAID AND THE TIME BUZZER SOUNDED,UN MINUTE A VOIX CEMA LE CIEL S'ÉBAUVE
A MINUTE IS NOT A VERY LARGE MEASURE OF TIME AND HIS BODY NEEDED EVERY FRACTION OF IT,"Un MINUTÉ n'est PAS UNE MEILLE薄弱 EN THÔM, MAIS SON ŒIL N'É/yearDÈ QUE LA MOY EN PARTIE DE LÀ EN PORT."
THE BUZZER'S WHIRR TRIGGERED HIS MUSCLES INTO COMPLETE RELAXATION,Le cri du buzzer a libéré complètement ses muscles.
ONLY HIS HEART AND LUNGS WORKED ON AT A STRONG MEASURED RATE,Seulement son cœur et sa rate ont fonctionné à une vitesse et vitesse mesurées forte.
HE WAS IN REVERIE SLIDING ALONG THE BORDERS OF CONSCIOUSNESS,IL SITAIT PÊCHEURS SIOMÔU EN COUCOUÀ DES QUE
THE CONTESTANTS IN THE TWENTIES NEEDED UNDISTURBED REST THEREFORE NIGHTS IN THE DORMITORIES WERE AS QUIET AS DEATH,"Les contestataires de la deuxième partie ont nécessité une repos absolue, donc les nuits dans les dortoirs ont été aussi silencieuses que la mort."
PARTICULARLY SO ON THIS LAST NIGHT WHEN ONLY TWO OF THE LITTLE CUBICLES WERE OCCUPIED THE THOUSANDS OF OTHERS STANDING WITH DARK EMPTY DOORS,"PARTICULALEMENT CE SOIR POUR CETTE Nuit DEUX DIRES SOINS, TONS DEVOID D'ABSENCE, A PRETENDRE ERECTS DES PORTES DE MAUVAISE TONNEE."
THE OTHER VOICE SNAPPED WITH A HARSH URGENCY CLEARLY USED TO COMMAND,La voix contre-protestante siffla avec une urgence ferme et un ton de commande claire.
I'M HERE BECAUSE THE MATTER IS OF UTMOST IMPORTANCE AND BRANDD IS THE ONE I MUST SEE NOW STAND ASIDE,Je suis ici parce que l'affaire est de la plus haute importance et que c'est le brand que je dois visiter maintenant. Attendons.
THE TWENTIES,Les années 20
HE MUST HAVE DRAWN HIS GUN BECAUSE THE INTRUDER SAID QUICKLY PUT THAT AWAY YOU'RE BEING A FOOL OUT,Il doit avoir tiré son arme parce que l'intrus a dit rapidement retirez-vous dehors vous êtes fou
THERE WAS SILENCE THEN AND STILL WONDERING BRION WAS ONCE MORE ASLEEP,Il y avait silence et Brion était toujours endormi.
TEN SECONDS,Deux secondes
HE ASKED THE HANDLER WHO WAS KNEADING HIS ACHING MUSCLES,Il a demandé à l'interprète qui touchait ses muscles écrasés.
A RED HAIRED MOUNTAIN OF A MAN WITH AN APPARENTLY INEXHAUSTIBLE STORE OF ENERGY,Une montagne rouge originalement une personne robuste au point d'avoir l'impression d'avoir une réserve d'énergie illimitée
THERE COULD BE LITTLE ART IN THIS LAST AND FINAL ROUND OF FENCING,Il y a peu d'art dans ce dernier et dernier tour de lutte de fencers.
JUST THRUST AND PARRY AND VICTORY TO THE STRONGER,OUBLI LA CONTRADICTION ET CROIRE QUE LA VICTOIRE TIENT PAR ITINERESSE.
EVERY MAN WHO ENTERED THE TWENTIES HAD HIS OWN TRAINING TRICKS,TOUT HOMME ADAPE AU VINGT-SECONDES AVAIT SES propres FLEURS TRICKS
THERE APPEARED TO BE AN IMMEDIATE ASSOCIATION WITH THE DEATH TRAUMA AS IF THE TWO WERE INEXTRICABLY LINKED INTO ONE,"Il semblait y avoir une association immédiate avec la douleur décisive, comme si les deux étaient imbriqués l’un dans l'autre."
THE STRENGTH THAT ENABLES SOMEONE IN A TRANCE TO HOLD HIS BODY STIFF AND UNSUPPORTED EXCEPT AT TWO POINTS THE HEAD AND HEELS,LA FORCE ADMISEE A AVANTAGE ENSUEILLE LA MANIOLE DISPOSANT SES OS DÉFROCES ET L'AMATERACHE PENDANT UNE EXCEPTION MAÎTRISEDU COEUR OU DU DOIGT DE LA MAIN.
THIS IS PHYSICALLY IMPOSSIBLE WHEN CONSCIOUS,Ceci est physiquement impossible lorsqu'on est conscient.
OTHERS HAD DIED BEFORE DURING THE TWENTIES AND DEATH DURING THE LAST ROUND WAS IN SOME WAYS EASIER THAN DEFEAT,"D'autres avaient péri avant la Seconde Guerre mondiale, et la mort durant le dernier tour était certainement moins difficile que la défaite."
BREATHING DEEPLY BRION SOFTLY SPOKE THE AUTO HYPNOTIC PHRASES THAT TRIGGERED THE PROCESS,Le respiration profonde à voix douce a été prononcée par BRION de manière hypnotique.
WHEN THE BUZZER SOUNDED HE PULLED HIS FOIL FROM HIS SECOND'S STARTLED GRASP AND RAN FORWARD,"Lorsqu'il a sonné, il a tiré dans sa prise faiblement attrapée et a couru en avant."
IROLG LOOKED AMAZED AT THE SUDDEN FURY OF THE ATTACK THEN SMILED,"ISEYGLA ÉTUDIA IN GRAN DE SYNCHREE DES MORTS PENSIE, PAPIS."
HE THOUGHT IT WAS A LAST BURST OF ENERGY HE KNEW HOW CLOSE THEY BOTH WERE TO EXHAUSTION,Il savait pertinemment combien ils étaient près de l'épuisement.
BRION SAW SOMETHING CLOSE TO PANIC ON HIS OPPONENT'S FACE WHEN THE MAN FINALLY RECOGNIZED HIS ERROR,BRION a vu quelque chose qui ressemblait à du stress sur le visage de son不可能mani. Quand le homme finit par reconnaître sa propre erreur.
A WAVE OF DESPAIR ROLLED OUT FROM IROLG BRION SENSED IT AND KNEW THE FIFTH POINT WAS HIS,Une vague de désespoir s'est répandue de Irolg Brion et celle-ci l'avertit qu'il était l'unique point en vue de la cinquième.
THEN THE POWERFUL TWIST THAT THRUST IT ASIDE IN AND UNDER THE GUARD,Puis le puissant tournant qui le propulsait en arrière et sous le bouclier.
